source,n,synthesis_originality_mean,synthesis_originality_std,synthesis_quality_mean,synthesis_quality_std,synthesis_clarity_mean,synthesis_clarity_std,synthesis_significance_mean,synthesis_significance_std,synthesis_overall_mean,synthesis_overall_std
Cycle Researcher,15,1.3333333333333333,0.48795003647426666,1.0,0.0,1.6,0.5070925528371101,1.0,0.0,1.0,0.0
Data-to-Paper,15,1.0666666666666667,0.25819888974716115,1.0666666666666667,0.25819888974716115,1.8666666666666667,0.3518657752744984,1.0,0.0,1.0666666666666667,0.25819888974716115
FARS,15,2.0,0.0,2.0,0.0,2.8666666666666667,0.35186577527449836,2.0,0.3779644730092272,2.2666666666666666,0.45773770821706344
Sakana v1,15,1.0,0.0,1.0,0.0,1.4,0.5070925528371101,1.0,0.0,1.0,0.0
Sakana v2,15,1.1333333333333333,0.35186577527449836,1.0,0.0,1.1333333333333333,0.35186577527449836,1.0,0.0,1.0,0.0
