AI_Scientist,n_papers,gpt_5.4_overall_mean,gpt_5.4_overall_median,gpt_5.4_overall_std,gemini_3.1_pro_overall_mean,gemini_3.1_pro_overall_median,gemini_3.1_pro_overall_std,claude_opus_4.6_overall_mean,claude_opus_4.6_overall_median,claude_opus_4.6_overall_std,synthesis_overall_mean,synthesis_overall_median,synthesis_overall_std
Cycle Researcher,15,2.0,2.0,0.0,1.0,1.0,0.0,1.0,1.0,0.0,1.0,1.0,0.0
Data-to-Paper,15,1.8666666666666667,2.0,0.35186577527449836,1.0666666666666667,1.0,0.25819888974716115,1.0,1.0,0.0,1.0666666666666667,1.0,0.25819888974716115
FARS,15,2.142857142857143,2.0,0.3631365196012815,2.466666666666667,2.0,0.833809387832792,2.466666666666667,2.0,0.5163977794943223,2.2666666666666666,2.0,0.45773770821706344
Sakana v1,15,1.8666666666666667,2.0,0.3518657752744984,1.0,1.0,0.0,1.0,1.0,0.0,1.0,1.0,0.0
Sakana v2,15,1.6666666666666667,2.0,0.48795003647426666,1.0,1.0,0.0,1.0,1.0,0.0,1.0,1.0,0.0
